order_id,customer_id,order_date,order_status,payement_method,shipping_city,total_amount
1,423,24/04/2025,Pending,Debit Card,Karenmouth,290.29
2,170,11/11/2024,Returned,UPI,West Tammy,2809.55
3,337,13/01/2026,Returned,Credit Card,Mckeeborough,1829.21
4,50,23/02/2025,Pending,Credit Card,Murrayport,3801.41
5,175,08/01/2026,Cancelled,Bank Transfer,Shawchester,1788.59
6,268,16/09/2024,Completed,Credit Card,Port Cassandra,1881.97
7,460,23/03/2026,Pending,UPI,Brettfort,837.49
8,381,23/03/2026,Completed,Apple Pay,Angelaville,3613.36
9,313,17/11/2025,Completed,Debit Card,West Christopherburgh,995.69
10,111,11/12/2024,Pending,UPI,Whiteheadberg,2296.09
11,174,18/02/2026,Returned,Credit Card,Davisbury,556.67
12,475,07/02/2026,Completed,Debit Card,Wilkersontown,3173.54
13,235,01/04/2025,Pending,Debit Card,South Waynebury,3299.11
14,3,09/03/2025,Completed,Bank Transfer,West Jeffreymouth,2661.21
15,479,06/05/2026,Returned,Bank Transfer,Port Jennifermouth,2175.4
16,400,18/01/2026,Pending,UPI,East Benjamin,4607.39
17,297,26/04/2026,Pending,Credit Card,Hortonberg,884.78
18,199,24/12/2025,Cancelled,Bank Transfer,Westtown,3294.46
19,452,17/04/2026,Pending,Apple Pay,North Jonathanberg,1935.62
20,204,14/07/2025,Cancelled,Debit Card,Rodriguezport,4818.7
21,413,14/11/2024,Returned,Bank Transfer,Davidbury,684.19
22,359,05/04/2025,Cancelled,UPI,Brownfort,4434.46
23,281,20/08/2025,Pending,PayPal,Lake Zacharybury,4306.32
24,108,23/11/2025,Cancelled,UPI,West Ruben,3128.35
25,177,03/09/2025,Pending,UPI,Johnchester,4607.53
26,333,06/10/2024,Pending,Bank Transfer,New Theresaland,4876.39
27,278,26/06/2025,Cancelled,UPI,South Morganton,3477.67
28,60,19/09/2025,Returned,Bank Transfer,Zavalaview,3808.66
29,293,15/12/2025,Returned,UPI,West Kristinastad,4714.51
30,383,17/11/2024,Cancelled,Debit Card,Port Bonniemouth,4471.45
31,414,25/08/2024,Completed,Credit Card,West Amyburgh,83.6
32,196,17/02/2026,Completed,PayPal,Pollardfort,743.73
33,137,16/09/2025,Pending,Apple Pay,Port Dennis,3755.92
34,350,21/11/2025,Completed,UPI,Johnsonborough,1267.79
35,402,17/06/2024,Completed,Apple Pay,North Leslie,1489.8
36,417,09/01/2025,Pending,UPI,Haysside,2273.92
37,332,16/05/2025,Pending,Bank Transfer,Benjaminborough,2815.13
38,402,22/12/2024,Cancelled,UPI,Michelleton,3988.23
39,341,17/03/2026,Returned,Debit Card,Joshuastad,253.96
40,214,18/04/2025,Cancelled,Bank Transfer,Paulfurt,4784.38
41,28,01/02/2025,Cancelled,PayPal,South Heather,84.57
42,318,23/02/2025,Returned,PayPal,Lauriechester,4346.87
43,467,14/07/2024,Cancelled,Bank Transfer,Morrisonburgh,3176.27
44,280,11/07/2025,Pending,UPI,Manuelland,3697.48
45,494,23/01/2025,Returned,PayPal,Kirkchester,983.62
46,350,20/09/2024,Pending,UPI,Bellton,390.86
47,264,29/11/2025,Completed,Debit Card,Christinachester,614.38
48,143,13/12/2024,Pending,PayPal,North Emilyfurt,2791.86
49,300,20/02/2025,Completed,Apple Pay,North Douglas,4233.15
50,239,28/08/2025,Pending,Credit Card,Johnsonland,3554.25
51,79,13/11/2024,Completed,UPI,Michaelshire,4644.57
52,316,08/06/2024,Cancelled,Debit Card,Lake Shannon,4218.84
53,405,26/02/2025,Cancelled,Credit Card,Scottland,2871.93
54,402,02/08/2025,Pending,PayPal,New Michael,3544.25
55,267,13/01/2025,Pending,Debit Card,Johnville,359.52
56,279,03/06/2024,Completed,Apple Pay,South April,2694.44
57,114,23/04/2026,Cancelled,Apple Pay,West Kimberlymouth,4419.32
58,185,27/10/2024,Returned,Bank Transfer,Heatherfort,1482
59,422,16/10/2024,Completed,Credit Card,East Melissamouth,3765.63
60,343,25/09/2024,Pending,UPI,Osbornmouth,1743.12
61,315,14/10/2025,Pending,Credit Card,Jennaside,4594.66
62,350,09/07/2025,Returned,Credit Card,Patriciaburgh,4430.59
63,198,17/11/2025,Cancelled,Credit Card,Port Michael,1297.82
64,467,04/11/2024,Cancelled,Bank Transfer,East Laurabury,2594
65,412,17/01/2026,Returned,Credit Card,Johnsonside,2553.5
66,152,01/08/2025,Pending,Apple Pay,Tannerside,4493.44
67,264,22/08/2024,Completed,PayPal,North Kylefort,430.08
68,498,26/06/2025,Completed,UPI,Hammondshire,4782.26
69,34,10/07/2024,Pending,UPI,West Dawn,1069.69
70,218,28/04/2025,Pending,Bank Transfer,Frazierstad,4181.61
71,425,21/08/2024,Returned,UPI,Port Tammy,3519.66
72,419,15/04/2025,Pending,Credit Card,Port Davidberg,4699.96
73,236,05/01/2025,Completed,Credit Card,East Marcus,3590
74,38,15/11/2025,Cancelled,Bank Transfer,West Stacey,290.25
75,37,21/06/2025,Pending,Apple Pay,Meghanview,2883.31
76,209,13/10/2024,Returned,Debit Card,Davidport,1952.4
77,162,03/09/2025,Completed,Bank Transfer,New Danielleshire,104.12
78,4,08/08/2025,Completed,UPI,East Donna,3214.29
79,300,24/11/2025,Completed,Apple Pay,Meganshire,246.67
80,476,14/06/2024,Cancelled,UPI,North Brandonshire,2524.13
81,155,05/12/2024,Cancelled,Debit Card,Port Ashley,3040.7
82,196,06/09/2025,Completed,Debit Card,South Pamelaside,1987.66
83,81,24/12/2024,Pending,UPI,Timothyfurt,2676.67
84,201,31/12/2024,Cancelled,UPI,Joneston,3987.92
85,74,13/09/2024,Cancelled,Credit Card,Perrymouth,1504.32
86,284,19/10/2024,Pending,Credit Card,Catherinemouth,4376.34
87,22,14/03/2026,Returned,Bank Transfer,Jessicastad,45.05
88,281,19/03/2025,Cancelled,PayPal,Port Mitchell,4735.96
89,384,24/07/2025,Cancelled,PayPal,West Johnville,3712.32
90,212,07/12/2024,Pending,PayPal,Wrightville,4530.03
91,95,22/06/2024,Cancelled,PayPal,Soniachester,1119.52
92,59,22/11/2024,Completed,Bank Transfer,Port Mark,923.16
93,237,05/08/2025,Completed,Apple Pay,Jamesburgh,3230.48
94,344,05/06/2025,Completed,PayPal,Jimenezport,355.47
95,372,04/06/2025,Cancelled,Apple Pay,North Sierrahaven,2911.37
96,66,04/05/2025,Pending,Credit Card,East Brandy,3363.05
97,146,20/06/2024,Pending,Apple Pay,West Troyfort,3105.19
98,249,21/12/2024,Cancelled,UPI,Port Danielberg,2264.22
99,300,30/03/2026,Cancelled,Apple Pay,Jessicafurt,778.93
100,491,22/02/2025,Completed,Apple Pay,South Brettside,2152.97
101,127,12/10/2024,Returned,Apple Pay,Angelaland,3932.59
102,431,10/03/2025,Cancelled,Debit Card,Duranview,1810.24
103,237,14/02/2026,Cancelled,Debit Card,East Theresafurt,2237.88
104,283,27/02/2025,Completed,Apple Pay,Angelastad,561.99
105,440,21/12/2025,Pending,Apple Pay,East Carrie,4135.69
106,376,21/03/2025,Completed,UPI,North Benjaminmouth,4433.95
107,39,28/01/2026,Completed,Bank Transfer,Stoneberg,4462.68
108,297,27/08/2025,Pending,Credit Card,West Sarah,2037.57
109,283,16/01/2025,Returned,UPI,South Vicki,1317.87
110,397,09/12/2025,Returned,PayPal,Brittneyhaven,760.19
111,457,16/02/2026,Cancelled,PayPal,Ericksonport,3865.28
112,238,17/05/2025,Completed,Debit Card,West Markville,2515.59
113,187,02/04/2025,Pending,Bank Transfer,Lauratown,2520.79
114,351,20/08/2025,Pending,Debit Card,Bakershire,845.9
115,82,05/08/2025,Pending,UPI,Lake Brett,912.14
116,375,22/05/2025,Cancelled,Credit Card,New Cristina,2427.85
117,113,07/09/2025,Pending,Credit Card,Hernandezbury,3812.13
118,136,07/06/2024,Completed,UPI,East Andrewmouth,1859.79
119,106,04/04/2025,Cancelled,Debit Card,South Hannah,2599.07
120,241,28/03/2025,Completed,Credit Card,Salaston,4591.15
121,333,13/11/2025,Cancelled,UPI,New Jared,1633.87
122,135,21/01/2025,Pending,Debit Card,Foxmouth,2901.58
123,335,25/09/2024,Completed,Bank Transfer,Barrmouth,1905.02
124,129,12/07/2025,Pending,Bank Transfer,Ericaview,1894.12
125,208,30/08/2025,Cancelled,Debit Card,Leebury,1777.43
126,406,16/12/2024,Completed,Bank Transfer,Jeffreyport,2420.91
127,452,02/01/2026,Pending,PayPal,Janetfort,712.06
128,40,15/01/2025,Cancelled,PayPal,Baileyview,2582.42
129,77,23/12/2024,Cancelled,Bank Transfer,New Ericafurt,950.79
130,368,09/04/2026,Pending,Debit Card,Cardenasberg,4088.44
131,416,25/12/2024,Completed,Debit Card,West Stephanieland,1664.52
132,346,07/02/2025,Pending,Bank Transfer,Douglasfort,2404.5
133,83,27/10/2024,Returned,Credit Card,Port Amanda,3243.35
134,125,08/05/2026,Pending,PayPal,Derrickshire,234.86
135,323,15/11/2024,Pending,Credit Card,North Elizabeth,2572.96
136,86,30/06/2025,Pending,Bank Transfer,Lake Jesse,1306.13
137,491,30/07/2024,Completed,UPI,Riverafort,2039.17
138,373,31/07/2024,Cancelled,Credit Card,North Tamara,3315.49
139,111,05/05/2026,Returned,Debit Card,South Denise,2257.03
140,88,29/03/2026,Returned,Bank Transfer,Woodsborough,1112.43
141,74,22/12/2025,Pending,Bank Transfer,Manuelton,3977.19
142,338,19/04/2026,Pending,UPI,Lake Audreyside,2563.81
143,352,08/12/2025,Returned,Bank Transfer,East Robertburgh,1726.5
144,303,09/05/2026,Returned,Debit Card,Port Randyfort,362.84
145,68,05/10/2024,Pending,Bank Transfer,Nancytown,560.68
146,441,31/12/2024,Returned,PayPal,West Justinside,4548.51
147,311,25/06/2025,Returned,Bank Transfer,Smallberg,499.57
148,308,06/03/2026,Completed,Credit Card,Nelsonville,214.4
149,247,25/01/2025,Completed,UPI,Lake Stephen,3303.78
150,333,29/11/2024,Returned,Apple Pay,North Jill,2168.85
151,448,18/01/2026,Returned,PayPal,Ashleyborough,236.32
152,481,27/09/2024,Returned,Apple Pay,Wilcoxhaven,4015.45
153,302,23/01/2025,Completed,Debit Card,South Elizabethburgh,4027.01
154,69,31/08/2024,Pending,Credit Card,Morrisbury,1287.5
155,146,19/05/2024,Returned,Apple Pay,Patrickmouth,2999.5
156,97,20/12/2025,Completed,Bank Transfer,Stephanieport,47.24
157,268,09/08/2025,Completed,Debit Card,West Desireebury,606.79
158,336,01/07/2024,Cancelled,Debit Card,South Kurtfurt,1042.99
159,186,28/10/2025,Returned,UPI,Hannahport,550.78
160,300,23/02/2025,Returned,Bank Transfer,East Susan,1283.09
161,188,20/05/2025,Returned,PayPal,South Julie,3067.17
162,212,27/08/2025,Returned,PayPal,Robertside,2769.48
163,190,22/04/2026,Returned,Apple Pay,Toddborough,2804.29
164,158,26/12/2025,Returned,UPI,Lake Karen,2896.7
165,71,23/03/2026,Completed,UPI,New Seanstad,4277.89
166,118,13/07/2024,Pending,Credit Card,North Mariahaven,2244.04
167,110,18/10/2024,Cancelled,Bank Transfer,East Mark,2551.55
168,315,22/06/2025,Completed,PayPal,Wilsonborough,3491.35
169,200,21/11/2025,Completed,Credit Card,Davishaven,4823.56
170,422,25/04/2025,Returned,Credit Card,South Davidchester,743.74
171,33,03/05/2025,Cancelled,Credit Card,New Stevenport,1330.2
172,312,26/11/2025,Returned,Debit Card,South Jonathantown,208.02
173,315,14/12/2025,Cancelled,UPI,New Charles,3287.75
174,494,08/04/2025,Pending,UPI,Isabellaside,2995.41
175,254,29/06/2024,Pending,UPI,South Anthonychester,2206.08
176,477,30/09/2024,Cancelled,PayPal,Port Darlene,4023.47
177,18,01/12/2025,Pending,Bank Transfer,Brooksfurt,3924.12
178,87,27/04/2025,Cancelled,PayPal,Bennettside,3376.64
179,336,25/08/2024,Pending,Credit Card,Davidside,21.43
180,142,15/03/2025,Cancelled,UPI,Lake Tiffany,3902.77
181,203,21/02/2026,Pending,Bank Transfer,Port Andrewport,2039.15
182,8,08/05/2025,Completed,Credit Card,Patelbury,3689.89
183,282,22/11/2024,Cancelled,Apple Pay,Reedview,1436.78
184,494,07/10/2024,Pending,Bank Transfer,North Lisachester,4081.26
185,494,03/09/2025,Returned,Bank Transfer,East Jamieville,988.74
186,3,18/08/2025,Returned,Bank Transfer,South Carlaton,1320.32
187,55,20/11/2024,Cancelled,Apple Pay,South Scottside,2801.98
188,485,29/10/2024,Cancelled,Bank Transfer,East Williamport,602.7
189,417,11/11/2024,Cancelled,UPI,Barbaramouth,3971.08
190,227,14/11/2024,Returned,PayPal,Nancyhaven,4830.96
191,388,01/11/2024,Returned,UPI,Turnerton,1711.51
192,236,20/07/2025,Completed,Debit Card,Lake Erika,4484.69
193,60,19/07/2025,Returned,UPI,Williamsstad,1303.94
194,404,25/09/2025,Pending,Apple Pay,Floydmouth,4971.11
195,212,05/11/2025,Completed,UPI,Russellport,4778.12
196,427,02/03/2025,Cancelled,Credit Card,Port Amanda,1331.48
197,205,17/11/2024,Cancelled,Credit Card,West Meredith,3375.02
198,284,03/09/2024,Returned,Apple Pay,Melendezside,4658.35
199,182,30/03/2025,Cancelled,PayPal,Grantberg,1108.46
200,485,11/03/2025,Pending,Debit Card,West James,3735.86
201,378,28/09/2025,Pending,Apple Pay,South Melanieland,1014.34
202,106,04/07/2025,Pending,Bank Transfer,North Joseph,1161.45
203,183,19/10/2025,Completed,Credit Card,Port Charlesshire,796.86
204,472,27/11/2025,Returned,Bank Transfer,South Jason,410.87
205,4,18/04/2026,Completed,Debit Card,Kevintown,3825.94
206,191,25/10/2024,Returned,Bank Transfer,Lake David,3110.92
207,445,20/12/2025,Pending,Bank Transfer,Rochaborough,1388.17
208,144,18/03/2025,Pending,Credit Card,New Marc,2001.44
209,270,19/12/2024,Returned,Bank Transfer,Owensstad,4000.36
210,17,08/01/2025,Returned,UPI,Michaelfort,2522.33
211,398,10/05/2025,Completed,UPI,Port Tinafort,890.51
212,266,26/12/2025,Completed,Credit Card,Robinstad,2311.15
213,346,12/01/2025,Completed,Apple Pay,Williamsbury,1069.55
214,186,10/12/2025,Cancelled,PayPal,North Jose,3071.63
215,281,10/05/2026,Cancelled,Debit Card,Phillipsborough,1328.99
216,491,25/01/2025,Cancelled,PayPal,South Ashley,3073.16
217,256,20/11/2024,Returned,UPI,Piercemouth,2131.24
218,386,29/11/2024,Returned,Apple Pay,Levyfort,1874.1
219,231,06/05/2025,Pending,Bank Transfer,Lake Laura,915.85
220,352,22/09/2024,Completed,UPI,Lake Amy,1158.26
221,139,03/10/2024,Returned,Debit Card,New Arthurland,4024.36
222,101,08/02/2026,Pending,Debit Card,Port Adamberg,746.3
223,413,27/02/2026,Returned,Debit Card,North Jasmine,68.52
224,69,21/05/2024,Cancelled,Debit Card,New Stephen,4977.9
225,154,29/06/2024,Completed,Debit Card,Hopkinstown,1269.85
226,51,19/05/2024,Completed,PayPal,Smithhaven,3458.91
227,417,25/11/2025,Completed,Debit Card,Amandaport,1286.36
228,382,27/05/2024,Cancelled,Apple Pay,Drakeburgh,1686.59
229,287,05/08/2024,Cancelled,Apple Pay,New Eduardoborough,2796.31
230,11,07/09/2025,Cancelled,UPI,Lisaview,2070.57
231,494,21/01/2026,Pending,Apple Pay,Millerfurt,3035.77
232,182,05/05/2025,Returned,UPI,Lake Jeremiah,1638.95
233,229,27/10/2025,Returned,Bank Transfer,Lake Victoriaton,4450.37
234,147,25/07/2024,Pending,PayPal,Grayside,2329.49
235,328,18/05/2025,Cancelled,Debit Card,Lake Albertburgh,4042.43
236,324,17/07/2024,Returned,Credit Card,Brucemouth,3069.3
237,41,27/07/2025,Pending,Apple Pay,New Samanthabury,826.76
238,163,25/10/2024,Cancelled,Bank Transfer,Nelsonland,3272.01
239,331,27/10/2025,Returned,Apple Pay,Rachelshire,1989.37
240,383,07/10/2025,Returned,Debit Card,East Sarahmouth,2942.86
241,86,26/05/2024,Completed,PayPal,New Douglas,935.75
242,373,10/02/2026,Cancelled,UPI,Hickmanport,1188.44
243,359,17/09/2024,Pending,PayPal,New Mary,3753.7
244,204,12/03/2025,Completed,Debit Card,Patrickberg,532.99
245,281,17/01/2026,Returned,Bank Transfer,New Juliestad,288.05
246,392,24/06/2024,Completed,Apple Pay,South Jesseland,4980.15
247,317,02/02/2025,Returned,Apple Pay,Novakmouth,793.27
248,118,06/06/2024,Cancelled,Debit Card,Kristenmouth,1252.03
249,321,30/05/2025,Pending,Credit Card,West Angela,649.53
250,18,01/03/2025,Cancelled,Debit Card,Lopezshire,3324.47
251,240,09/10/2025,Cancelled,Bank Transfer,Millerport,4875.41
252,228,23/01/2026,Pending,Bank Transfer,Lake Charles,692.87
253,306,08/12/2024,Returned,Bank Transfer,South Jennifer,2293.59
254,328,18/09/2025,Cancelled,Apple Pay,Lake Peter,3204.85
255,247,18/02/2025,Completed,Debit Card,North Adamport,2707.55
256,158,24/04/2025,Cancelled,PayPal,Kathleenville,1841.6
257,156,24/08/2024,Pending,Apple Pay,East Ryanside,72.57
258,147,18/07/2025,Completed,UPI,Garcialand,2356.61
259,473,12/02/2025,Returned,Apple Pay,New Carlymouth,2469.82
260,5,15/03/2026,Cancelled,Bank Transfer,Smithchester,3834.03
261,119,11/03/2025,Cancelled,PayPal,Lake Rachelbury,3987.9
262,211,01/08/2025,Returned,Debit Card,Lake Oscar,4413.17
263,128,29/08/2024,Returned,Debit Card,Kevinfort,833.08
264,113,04/09/2024,Returned,UPI,East Ryanchester,1329.64
265,123,01/01/2025,Cancelled,Apple Pay,Pattonstad,2592.72
266,333,25/11/2024,Cancelled,Debit Card,Lake Colleen,3719.78
267,97,18/08/2025,Pending,PayPal,South Daniel,4270.34
268,149,05/01/2025,Returned,Bank Transfer,South Martinfurt,569.57
269,232,28/01/2026,Returned,PayPal,Scottchester,1375.23
270,165,06/02/2026,Completed,Bank Transfer,West Malik,116.59
271,12,05/11/2025,Completed,Apple Pay,South Leon,945.97
272,138,19/03/2025,Returned,UPI,Kellyfort,642.7
273,5,04/08/2025,Pending,Credit Card,West Nicholas,1179.4
274,253,07/02/2026,Returned,Apple Pay,Diazshire,1101.6
275,403,16/10/2024,Cancelled,Debit Card,Lake Katrina,4001.32
276,357,03/06/2024,Cancelled,Credit Card,Hahnborough,3961.3
277,432,19/04/2025,Pending,Credit Card,Marieland,3757.84
278,137,09/02/2026,Completed,Bank Transfer,Chambersberg,3882.75
279,241,17/09/2025,Cancelled,Debit Card,Johnberg,924.39
280,425,20/11/2025,Pending,Debit Card,Mccormickland,82.83
281,395,27/04/2025,Pending,UPI,Aguilarside,4875.36
282,18,11/06/2025,Completed,Bank Transfer,Stephensstad,1011.92
283,341,09/11/2025,Returned,Debit Card,North Kaylastad,4910.94
284,349,20/09/2024,Cancelled,PayPal,New Tonyafurt,4806.85
285,323,19/12/2025,Completed,Apple Pay,Tammychester,3646.62
286,247,04/08/2024,Pending,Apple Pay,North Jonathanhaven,3199.83
287,455,15/12/2025,Pending,Credit Card,South Neil,279.4
288,121,08/05/2025,Cancelled,Credit Card,West Whitney,3171.89
289,86,23/05/2025,Completed,Debit Card,West Robertland,3976.06
290,405,12/08/2024,Completed,Bank Transfer,West Larry,1230.58
291,402,02/05/2025,Pending,Apple Pay,New Timothy,3459.94
292,395,18/05/2025,Pending,Debit Card,South Jennifermouth,465.61
293,47,16/01/2025,Cancelled,UPI,West Bradleyville,3436
294,31,31/05/2024,Pending,UPI,Deborahburgh,317.68
295,275,06/05/2026,Pending,Debit Card,New Greg,3961.5
296,120,15/09/2024,Cancelled,Debit Card,Anitamouth,1597.36
297,376,10/11/2024,Returned,Apple Pay,Sotoburgh,980.97
298,371,23/09/2025,Completed,Debit Card,Fosterborough,690.97
299,362,28/04/2025,Cancelled,Bank Transfer,Priceborough,2198.75
300,357,20/10/2024,Pending,Bank Transfer,Karenland,2460.66
301,179,05/08/2025,Returned,Apple Pay,Port Monicaburgh,1631.93
302,445,22/02/2025,Pending,Credit Card,Jamesville,4160.12
303,272,03/12/2024,Cancelled,Apple Pay,Rosemouth,792.03
304,278,20/08/2025,Completed,UPI,Carrshire,1848.22
305,260,10/08/2024,Pending,Credit Card,Michaelmouth,1907.64
306,318,05/09/2025,Pending,Apple Pay,Port Emily,4287.01
307,370,25/01/2026,Returned,PayPal,Samanthashire,335.44
308,269,18/07/2024,Pending,Bank Transfer,West David,3422.46
309,145,06/01/2025,Cancelled,Credit Card,East Nathanielberg,1626.55
310,50,14/06/2025,Completed,Credit Card,Barnesberg,2625.54
311,428,03/08/2025,Pending,Credit Card,Hendersonfort,4690.24
312,104,19/09/2025,Pending,Credit Card,New Garrett,553.13
313,17,24/12/2024,Returned,UPI,East Leonard,2863.64
314,251,29/04/2025,Cancelled,Credit Card,Port Michaeltown,2638.59
315,188,25/05/2025,Completed,Credit Card,East Lisa,1119.2
316,477,24/07/2025,Returned,Credit Card,Ortizfort,4606.76
317,240,01/04/2025,Completed,Apple Pay,Burnsland,4009.08
318,286,27/07/2025,Returned,Apple Pay,Port Kathleenport,3722.52
319,407,08/06/2024,Cancelled,Bank Transfer,Jeffreyport,3548
320,21,21/09/2024,Cancelled,Credit Card,Cunninghamfort,3676.82
321,484,14/07/2025,Completed,Credit Card,New Dannyside,1095.18
322,372,12/02/2026,Returned,PayPal,Amberton,1170.47
323,99,25/12/2025,Pending,Bank Transfer,Paynechester,2640.44
324,321,01/08/2024,Returned,UPI,West Nancy,4738.57
325,55,08/06/2024,Cancelled,UPI,Bakerland,3836.09
326,235,20/04/2025,Returned,Credit Card,Port Lisaborough,3518.7
327,86,02/02/2026,Returned,Bank Transfer,Michellechester,3966.46
328,173,19/09/2024,Returned,Apple Pay,Port Jamie,3294.51
329,463,21/10/2024,Cancelled,Apple Pay,New Michaelview,1589.47
330,212,20/08/2025,Returned,UPI,West Tiffany,3825.64
331,166,27/12/2024,Pending,Debit Card,Ashleyhaven,3049.9
332,393,13/04/2026,Cancelled,Apple Pay,East Sydneychester,2760.19
333,493,27/04/2026,Returned,Credit Card,West Michelleberg,2272.97
334,372,09/11/2025,Cancelled,Bank Transfer,East Dustin,192.62
335,9,19/01/2025,Cancelled,Credit Card,Port Megan,2597.69
336,154,15/03/2025,Pending,Apple Pay,Thomasview,4922.28
337,12,13/09/2025,Cancelled,Bank Transfer,Brooksland,3862.18
338,262,18/09/2025,Pending,Credit Card,South Zacharyview,2790.49
339,20,04/11/2025,Pending,PayPal,Shawnfort,2312.64
340,136,23/01/2025,Pending,PayPal,Port Kimland,1848.07
341,132,02/12/2025,Completed,Bank Transfer,Reidstad,4059.15
342,205,05/03/2026,Pending,UPI,Port Amandaborough,2853.94
343,40,12/04/2025,Returned,PayPal,South Joseph,3623.43
344,250,16/02/2026,Completed,Bank Transfer,Matthewshire,4132.01
345,329,23/08/2024,Returned,Credit Card,Kramerton,1515.96
346,400,18/06/2024,Cancelled,Apple Pay,Lake Kristenmouth,298.5
347,451,26/05/2024,Returned,Credit Card,Port Ericmouth,4089.37
348,446,14/05/2024,Completed,UPI,Harrisberg,3856.54
349,399,30/03/2026,Completed,Apple Pay,Erikview,3168.32
350,269,25/07/2024,Pending,Apple Pay,Johnstad,225.09
351,258,12/10/2025,Pending,Credit Card,North Randy,3494.89
352,345,06/01/2025,Returned,Debit Card,South Diana,3663.26
353,386,11/11/2025,Completed,PayPal,North Jasonland,2983.76
354,222,25/08/2024,Returned,PayPal,New Erin,1463.12
355,68,21/05/2024,Returned,Bank Transfer,Lake Matthewville,1694.12
356,382,13/03/2026,Returned,Apple Pay,Bensonfort,265.57
357,44,08/07/2024,Returned,UPI,South Christopher,2004.66
358,67,30/01/2026,Returned,Bank Transfer,North Lawrenceport,3814.92
359,102,28/08/2024,Pending,Bank Transfer,Ayalaberg,2449.55
360,316,24/09/2025,Pending,PayPal,North Alyssa,4985.45
361,37,20/05/2024,Returned,Apple Pay,South Michael,1345.96
362,351,26/10/2024,Completed,Credit Card,South Christina,4622.21
363,344,22/04/2025,Cancelled,Apple Pay,North Peggy,2079.64
364,98,30/08/2024,Completed,Apple Pay,New Jessicastad,1617.28
365,87,12/04/2025,Returned,Bank Transfer,Kyliebury,4938.51
366,75,15/12/2024,Pending,PayPal,East Angelaport,2213.51
367,351,09/01/2026,Completed,Credit Card,Port Melanieport,1881.63
368,379,20/10/2024,Pending,Apple Pay,Lake Peter,291.6
369,8,27/09/2025,Completed,Apple Pay,Port Rachaelbury,1729.49
370,231,02/06/2025,Cancelled,PayPal,Rodriguezfort,2366.53
371,379,21/09/2025,Pending,Bank Transfer,New Pamelatown,2699.27
372,268,18/02/2025,Returned,Bank Transfer,Davidshire,3756.77
373,374,05/04/2025,Completed,Debit Card,Amyburgh,4961.66
374,299,27/12/2025,Completed,Apple Pay,Bestland,4532.08
375,88,26/05/2024,Pending,UPI,North Joseton,319.35
376,317,30/04/2026,Returned,UPI,Port Raymondport,1370.98
377,484,14/09/2025,Returned,UPI,Hendersonfurt,61.5
378,139,17/07/2024,Cancelled,Credit Card,West Christopher,3321.65
379,10,14/07/2024,Returned,PayPal,Port Eric,1476.63
380,195,22/01/2025,Completed,Apple Pay,Willisland,2552.53
381,249,09/01/2025,Completed,PayPal,Blairbury,4336.53
382,102,27/06/2024,Returned,Bank Transfer,North Sandy,2513.24
383,475,12/08/2024,Completed,PayPal,Salazarton,3568.1
384,473,09/01/2025,Cancelled,Debit Card,North Alexander,2656.49
385,202,28/08/2024,Completed,Apple Pay,East Tylerstad,3727.07
386,351,24/06/2025,Cancelled,PayPal,Garyberg,1772.53
387,257,17/12/2025,Completed,UPI,Jessicaville,1393.87
388,132,03/01/2026,Completed,Bank Transfer,West Lindsayview,4395.81
389,486,24/06/2025,Pending,Apple Pay,West Jennifershire,1415.37
390,460,13/09/2025,Pending,Credit Card,South Spencerstad,1976.38
391,374,26/06/2024,Pending,Debit Card,Villarrealburgh,1923.39
392,124,23/02/2025,Returned,Apple Pay,West Kerri,2873.03
393,466,08/04/2026,Returned,Bank Transfer,East Joycetown,3034.74
394,68,17/06/2024,Pending,Bank Transfer,East Brandonstad,1049.65
395,278,07/03/2025,Pending,PayPal,East Sarah,3426.56
396,159,11/03/2026,Pending,Debit Card,New Lindachester,3448.89
397,466,04/11/2024,Pending,UPI,Johnmouth,4879.37
398,478,10/12/2024,Pending,Apple Pay,New Nathanhaven,2832.92
399,35,18/10/2025,Completed,PayPal,East Jeffreyhaven,2795.55
400,163,18/06/2024,Pending,UPI,Jonesmouth,4200.82
401,16,17/03/2026,Returned,Debit Card,Kiaraport,3831.87
402,156,23/01/2025,Cancelled,PayPal,New Stephenstad,2226.16
403,399,16/10/2024,Pending,PayPal,Anneport,955.91
404,14,09/12/2025,Cancelled,Bank Transfer,South Micheal,3816.99
405,291,01/06/2025,Pending,PayPal,Lake Rachel,3069.56
406,352,25/12/2025,Completed,UPI,East Adam,149.9
407,400,28/03/2025,Returned,UPI,East Ambertown,2393.48
408,333,29/01/2025,Returned,Debit Card,Port Dianeport,1882.32
409,243,02/08/2024,Pending,PayPal,New Tonya,704.81
410,17,05/04/2025,Completed,Apple Pay,Woodwardberg,2054.77
411,487,17/11/2025,Pending,PayPal,Christopherbury,2076.96
412,34,10/04/2026,Returned,Bank Transfer,Haynesstad,901.85
413,251,05/05/2025,Returned,PayPal,New Codyberg,3445.56
414,219,20/09/2025,Completed,Bank Transfer,Jonesshire,2036.24
415,377,01/07/2024,Cancelled,Debit Card,Batesberg,4125.16
416,314,13/11/2024,Completed,Bank Transfer,Josemouth,4696.91
417,56,03/05/2026,Completed,PayPal,Haynesmouth,2269.02
418,266,16/01/2025,Completed,Bank Transfer,Nelsonland,2698.59
419,199,18/10/2024,Completed,PayPal,Port Kayla,2590.31
420,150,06/08/2024,Cancelled,Apple Pay,North Frank,2208.98
421,237,10/05/2025,Cancelled,Bank Transfer,Richardside,849.1
422,471,16/02/2025,Pending,Debit Card,South Kyle,291.64
423,425,05/12/2024,Completed,UPI,North Ericport,3237.59
424,257,14/02/2026,Pending,Debit Card,East Marymouth,583.59
425,212,06/09/2024,Completed,PayPal,Lake Johnstad,1630.84
426,233,17/03/2025,Pending,Debit Card,Lake Kentburgh,2959.77
427,47,07/06/2024,Pending,UPI,Bondside,1265.41
428,376,16/12/2025,Completed,UPI,North Steven,635.25
429,231,28/01/2026,Completed,Bank Transfer,North Alexander,3177.68
430,363,17/02/2026,Pending,Debit Card,East James,1932.76
431,282,21/03/2025,Pending,Apple Pay,Ginaland,1915.42
432,290,09/08/2025,Pending,PayPal,Samanthaland,4359.1
433,445,30/05/2024,Completed,Debit Card,East Rachelmouth,740.14
434,158,01/02/2026,Returned,Apple Pay,North Rebecca,1561.4
435,321,17/02/2026,Pending,PayPal,Davidmouth,919.87
436,2,22/06/2024,Cancelled,Credit Card,New Ryan,3120.35
437,235,27/11/2025,Returned,Bank Transfer,Crawfordfurt,2498.19
438,414,26/10/2025,Returned,PayPal,Thompsonborough,48.64
439,112,19/04/2026,Returned,Debit Card,West Joshua,2952.53
440,210,31/03/2026,Completed,PayPal,North Christina,2220.54
441,452,05/09/2025,Pending,Credit Card,Lake Kenneth,2745.76
442,95,30/03/2025,Cancelled,Credit Card,Brownview,758.32
443,75,07/03/2025,Cancelled,Apple Pay,South James,4272.07
444,472,01/04/2026,Completed,Debit Card,Lake Virginia,456.76
445,92,10/07/2025,Cancelled,Bank Transfer,South Kimberlystad,823.45
446,339,21/05/2025,Pending,Debit Card,Coopershire,3463.74
447,384,08/06/2025,Completed,Credit Card,Paulburgh,2903.25
448,394,03/06/2024,Cancelled,Debit Card,Carlatown,1510.49
449,420,09/04/2026,Returned,Bank Transfer,Brianfort,356.98
450,34,29/06/2025,Pending,Credit Card,Katiebury,1478.31
451,356,14/09/2024,Cancelled,Bank Transfer,East Dianeview,4299.85
452,212,02/07/2025,Pending,Bank Transfer,Port Wendybury,2632.74
453,30,04/08/2025,Completed,Debit Card,Kellyburgh,564.33
454,371,27/09/2024,Cancelled,Debit Card,New Louis,3449.5
455,312,08/12/2025,Cancelled,Bank Transfer,Robintown,4242.03
456,295,11/11/2025,Cancelled,PayPal,Staceyshire,4975.22
457,315,01/09/2024,Returned,Debit Card,Port Vanessa,2821.92
458,414,29/03/2026,Pending,UPI,Weaverburgh,915.94
459,149,29/05/2025,Completed,Credit Card,North Brianbury,4896.7
460,13,29/05/2024,Completed,UPI,Smithborough,2335.13
461,435,30/01/2026,Returned,Debit Card,West Jennifer,1052.51
462,24,27/04/2026,Pending,Credit Card,Brianberg,1682.29
463,328,12/08/2025,Cancelled,Apple Pay,Port Daniel,1021.91
464,405,26/06/2025,Cancelled,Bank Transfer,Susanstad,357.82
465,282,12/11/2025,Completed,Credit Card,Willismouth,1633.14
466,352,03/01/2025,Returned,UPI,Derekburgh,1679.75
467,292,03/12/2025,Completed,PayPal,Connerfort,3087.65
468,100,30/09/2025,Cancelled,UPI,Grantside,1665.96
469,246,03/11/2025,Completed,UPI,Jeffreyshire,4582.49
470,70,05/02/2026,Returned,Bank Transfer,South Kurt,2417.85
471,459,30/10/2025,Returned,UPI,Davidtown,1688.85
472,29,10/11/2025,Cancelled,Bank Transfer,Rosalesshire,4178.83
473,372,08/06/2024,Completed,PayPal,New Lucas,3397.42
474,296,01/02/2026,Cancelled,Credit Card,Lake Ariana,3433.76
475,497,11/05/2026,Completed,Apple Pay,Taylorland,763.54
476,193,14/11/2024,Pending,Bank Transfer,Toniburgh,3140.02
477,311,20/09/2025,Completed,Apple Pay,Port Jennamouth,1960.04
478,362,25/04/2025,Completed,Apple Pay,West Jasonland,4291.94
479,212,10/02/2025,Pending,Apple Pay,Kristintown,452.25
480,232,20/06/2024,Cancelled,PayPal,Kimchester,4150.7
481,269,20/09/2024,Completed,Apple Pay,Snyderfurt,1525.55
482,402,10/02/2025,Pending,Credit Card,Garciafort,206.23
483,228,16/01/2026,Returned,Bank Transfer,East Shannon,2539.85
484,79,24/01/2026,Returned,UPI,West Andrewview,967.25
485,448,03/08/2024,Cancelled,PayPal,West Georgefurt,2627.67
486,394,15/09/2024,Pending,PayPal,New Shellyland,4361.56
487,371,31/01/2025,Returned,UPI,Bushchester,202.03
488,443,03/10/2025,Completed,Apple Pay,New Pamela,2621.28
489,478,13/09/2024,Completed,Apple Pay,North Markborough,239.27
490,240,27/03/2025,Completed,Bank Transfer,Donnaport,4448.15
491,393,14/11/2024,Cancelled,Credit Card,North Philipside,3301.74
492,296,25/02/2026,Pending,Apple Pay,Hernandezstad,3797.3
493,103,16/05/2024,Cancelled,Bank Transfer,Millerfort,978.88
494,164,16/10/2024,Completed,Apple Pay,North Jamieport,3868.48
495,77,16/07/2024,Completed,Credit Card,Anthonyport,804.33
496,491,13/01/2026,Completed,PayPal,Ruizview,3122.27
497,278,23/07/2024,Cancelled,Apple Pay,Lopezfurt,1764.58
498,73,24/02/2025,Cancelled,Bank Transfer,South Bradley,4717.52
499,126,20/04/2025,Cancelled,Bank Transfer,Bakerview,872.95
500,457,26/07/2025,Returned,Credit Card,East Karenville,1706.92
501,67,19/07/2024,Completed,Credit Card,Lindseychester,164.38
502,197,22/12/2025,Returned,Debit Card,New Bruce,287.92
503,92,10/03/2025,Returned,Bank Transfer,Sheppardfort,3529.29
504,183,01/08/2025,Pending,UPI,South Kent,1575.95
505,389,16/03/2025,Completed,Debit Card,New Ashleyhaven,3360.93
506,291,25/01/2026,Returned,Credit Card,North Stacy,676.34
507,234,27/04/2025,Returned,Debit Card,East Teresa,1565.75
508,119,31/01/2026,Pending,Bank Transfer,East Brad,4738.29
509,133,13/07/2024,Returned,PayPal,Harrisberg,4566.05
510,359,20/02/2026,Cancelled,Apple Pay,Luisland,4587.98
511,233,20/07/2024,Completed,Debit Card,Hawkinsside,2447.78
512,58,22/01/2025,Returned,PayPal,Apriltown,1770.18
513,145,14/01/2026,Pending,Bank Transfer,Rodriguezberg,3844.35
514,53,06/09/2024,Completed,Apple Pay,North Annaville,2040.32
515,285,14/01/2026,Cancelled,Bank Transfer,Mikaylastad,3254.27
516,237,26/03/2026,Returned,PayPal,Bakerfort,2016.07
517,318,01/08/2025,Pending,Debit Card,Johnsonview,1233.58
518,197,22/03/2025,Pending,UPI,New Charlotte,348.98
519,303,03/11/2025,Returned,Bank Transfer,Williamsmouth,2167.12
520,404,01/11/2025,Pending,PayPal,North Julie,1724.16
521,340,29/04/2026,Returned,Credit Card,Pennytown,3354.63
522,304,31/01/2025,Cancelled,Bank Transfer,Larryfort,2988.46
523,50,11/03/2026,Pending,Apple Pay,Port Jeremyport,4113.67
524,490,12/12/2025,Completed,UPI,Schroedermouth,2040.85
525,417,09/12/2024,Returned,Apple Pay,Jacobsland,2990.1
526,254,06/10/2024,Completed,Credit Card,Lewischester,3232.05
527,112,10/12/2025,Completed,PayPal,Malonestad,4088.83
528,339,10/02/2026,Cancelled,Debit Card,New Laceyland,763.1
529,316,10/01/2025,Pending,PayPal,Taylorhaven,2898.1
530,349,27/03/2026,Cancelled,Bank Transfer,East Jamesborough,4389.58
531,407,23/02/2026,Cancelled,Debit Card,East Antonioton,4567.76
532,368,27/04/2026,Cancelled,Credit Card,Janetview,4913.25
533,299,24/02/2025,Returned,PayPal,Wagnerville,60.43
534,437,25/10/2025,Cancelled,Bank Transfer,East Nathanmouth,1485.04
535,496,28/09/2024,Cancelled,Credit Card,Matthewsstad,284.57
536,441,05/02/2025,Completed,PayPal,Port Patricia,1425.4
537,222,16/12/2025,Returned,UPI,West Anthonyton,3517.06
538,163,17/09/2024,Returned,Debit Card,Port Jeffrey,3564.63
539,223,04/11/2024,Pending,Debit Card,West Denise,2734.69
540,72,16/06/2025,Returned,Apple Pay,Port Kimberlytown,957.37
541,431,17/05/2025,Cancelled,UPI,Lake Glen,2097.83
542,65,26/01/2026,Completed,UPI,East Johnnyport,688.7
543,9,18/11/2025,Returned,UPI,Rodneyfurt,737.1
544,224,06/03/2026,Pending,Credit Card,Stephenborough,4875.38
545,71,11/05/2025,Returned,Debit Card,Ericafurt,3218.37
546,458,10/08/2025,Returned,Bank Transfer,North Williamstad,3948.86
547,93,24/07/2025,Returned,Bank Transfer,Kennethville,2282.88
548,420,23/05/2025,Cancelled,PayPal,West Vanessamouth,2261.23
549,96,14/03/2026,Completed,Bank Transfer,Joseport,2135.36
550,256,07/10/2024,Pending,UPI,New Kathy,4237.08
551,257,12/04/2026,Cancelled,Credit Card,Port Meredithfurt,1360.87
552,20,09/10/2025,Cancelled,Credit Card,Erintown,2849.38
553,298,05/10/2025,Completed,PayPal,Brightview,2418.03
554,374,18/04/2026,Cancelled,Debit Card,Sullivanton,3661.84
555,265,09/08/2025,Completed,PayPal,West Jessica,409.61
556,242,02/11/2024,Completed,UPI,Knoxstad,3160.7
557,325,12/06/2025,Cancelled,Bank Transfer,Meganside,2705.2
558,28,01/10/2024,Completed,Debit Card,Connorberg,4519.85
559,233,10/12/2025,Returned,Bank Transfer,Jessicaside,2573.06
560,376,27/12/2025,Cancelled,Apple Pay,Lake Rachel,1670.94
561,149,04/10/2025,Cancelled,UPI,East Michaelport,854.19
562,402,05/04/2025,Completed,UPI,Nathanshire,2827.26
563,243,28/12/2024,Completed,UPI,Yorkfort,2899.14
564,150,24/06/2024,Completed,Apple Pay,South Pamelahaven,4048.3
565,249,15/08/2024,Completed,Apple Pay,Morenochester,430.9
566,130,24/06/2024,Cancelled,Apple Pay,East Victoria,680.04
567,440,04/02/2025,Completed,Bank Transfer,Benitezmouth,1299.64
568,90,02/09/2024,Pending,UPI,Michelleburgh,4552.45
569,229,09/01/2026,Pending,Apple Pay,South Marvinburgh,1861.44
570,401,12/01/2025,Returned,PayPal,North Shannonborough,3509.86
571,410,26/12/2025,Completed,Apple Pay,New Kathy,2646.4
572,44,29/05/2025,Pending,Debit Card,East Christinachester,4837.38
573,386,23/03/2025,Returned,PayPal,Sanfordfurt,4968.06
574,339,17/05/2024,Pending,PayPal,New Jamesstad,2212.12
575,296,24/05/2024,Cancelled,Credit Card,Katherinehaven,3677.12
576,329,09/10/2024,Completed,Credit Card,Lake Adambury,1336.69
577,86,05/11/2024,Returned,Apple Pay,Larryville,2330.79
578,244,07/03/2025,Pending,Debit Card,Garyton,3735.83
579,350,31/12/2024,Returned,Apple Pay,Stephenhaven,3533.93
580,75,20/08/2025,Returned,Credit Card,Ryanberg,2661.6
581,148,04/02/2025,Returned,Debit Card,Howardborough,4637.57
582,348,19/09/2024,Completed,Credit Card,Smithbury,1592.13
583,470,29/11/2025,Cancelled,Debit Card,East Jessica,2665.84
584,313,15/08/2025,Cancelled,Apple Pay,North Michael,4591.85
585,139,01/10/2025,Completed,Apple Pay,South Nancyview,1350.1
586,336,03/01/2026,Returned,UPI,New Virginiaville,2929.2
587,384,03/10/2025,Pending,Bank Transfer,North Hannahchester,1224.15
588,173,24/04/2025,Pending,Apple Pay,Martinezview,3395.04
589,281,17/05/2025,Completed,Credit Card,East Heather,72.68
590,7,15/09/2025,Completed,UPI,West Robertville,2068.02
591,229,10/10/2025,Cancelled,Apple Pay,Cindyberg,1770.55
592,99,04/04/2025,Completed,Credit Card,New Jenniferville,189.53
593,481,19/12/2024,Pending,Bank Transfer,Port Danielborough,2978.81
594,327,30/08/2025,Completed,Credit Card,Port Jose,626.51
595,439,24/06/2025,Returned,UPI,West Jade,3031.34
596,392,29/12/2024,Pending,Credit Card,North Amy,4501.49
597,357,21/04/2026,Cancelled,Debit Card,Lake Sarah,937.63
598,339,25/01/2025,Returned,Apple Pay,North Alexander,4682.19
599,394,22/07/2024,Cancelled,Apple Pay,Port Audreyfort,2146.38
600,83,06/09/2024,Cancelled,Credit Card,Port Williamville,3908.04
601,196,16/04/2026,Completed,Apple Pay,Dawnmouth,1955.18
602,490,29/12/2024,Pending,Debit Card,Stevenville,4067.75
603,36,04/02/2026,Pending,Bank Transfer,Port Benjamin,2468.77
604,202,25/12/2024,Returned,Credit Card,Lauriemouth,908.64
605,74,09/04/2025,Returned,PayPal,North Melissaton,2712.35
606,315,21/05/2024,Returned,UPI,Lake Deborah,3223.82
607,133,24/01/2025,Completed,Credit Card,Patriciaview,534.37
608,293,27/03/2026,Returned,Credit Card,West Lisaburgh,3643.17
609,460,10/08/2024,Completed,Credit Card,Rossmouth,2498.55
610,341,11/12/2024,Pending,UPI,Vaughnfort,1964.61
611,169,25/01/2026,Completed,Bank Transfer,Banksburgh,4525
612,363,09/08/2024,Returned,Debit Card,Lake Jessica,4700.76
613,224,28/02/2026,Completed,Bank Transfer,North Robert,2031.49
614,116,15/08/2025,Returned,Credit Card,Phammouth,36.47
615,291,01/10/2024,Cancelled,Apple Pay,Maxwelltown,2685.81
616,350,14/03/2026,Completed,UPI,South Samantha,1528.08
617,491,09/08/2024,Cancelled,Bank Transfer,Alexanderland,3242.43
618,437,03/12/2024,Completed,Debit Card,Alexanderhaven,4805.41
619,390,31/12/2025,Pending,PayPal,Lake Morgan,3837.21
620,284,21/06/2025,Returned,UPI,South Dorothybury,215.87
621,98,23/05/2025,Returned,Credit Card,Elizabethfurt,1508.37
622,323,06/09/2024,Returned,Credit Card,North Dawnburgh,3450.44
623,454,10/06/2025,Pending,PayPal,Christianburgh,3171.3
624,19,11/07/2024,Pending,Debit Card,Floresmouth,981.6
625,200,16/12/2024,Cancelled,Debit Card,New Jeffreyfurt,333.7
626,274,23/03/2025,Returned,Credit Card,North Stephen,4825.47
627,19,26/01/2026,Cancelled,UPI,Millerfort,1709.64
628,22,26/04/2025,Pending,UPI,Davidfort,2039.43
629,342,13/12/2025,Pending,UPI,North Richardton,2625.14
630,297,20/07/2025,Completed,Credit Card,Port Christopherport,1180.27
631,377,05/04/2026,Completed,Debit Card,Lake Emily,725.12
632,465,02/02/2025,Completed,PayPal,Marciabury,4591.73
633,360,28/02/2026,Completed,PayPal,Riverafort,3250.96
634,324,21/11/2025,Cancelled,Credit Card,Jenniferville,268.79
635,234,28/07/2024,Completed,Credit Card,North Matthew,3063.9
636,59,17/02/2026,Pending,Credit Card,Amystad,2495.77
637,412,10/11/2025,Cancelled,UPI,North Pennyfort,1029.15
638,348,31/08/2024,Completed,UPI,Rodriguezborough,2022
639,295,06/10/2024,Cancelled,PayPal,Port Philipmouth,2738.51
640,392,13/02/2026,Pending,Apple Pay,Lake Matthew,247.02
641,33,23/12/2025,Pending,Debit Card,Williamsshire,621.31
642,87,17/08/2024,Pending,Debit Card,Ellisshire,3487.55
643,125,09/06/2025,Completed,PayPal,South Adam,4629.86
644,52,06/12/2025,Returned,PayPal,New Savannahshire,3959.44
645,9,24/05/2025,Completed,Credit Card,Lake Beth,4400.54
646,4,02/12/2025,Completed,UPI,North Paul,913.48
647,334,23/08/2025,Cancelled,Debit Card,Williamfurt,2976.78
648,356,04/04/2025,Returned,UPI,West Raymond,4040.91
649,65,04/02/2025,Cancelled,Bank Transfer,Shawnberg,1046.68
650,231,29/08/2024,Pending,Bank Transfer,Morrisonhaven,2071.92
651,355,01/01/2025,Pending,UPI,Jenniferside,207.35
652,256,17/09/2025,Completed,UPI,East Jason,3068.01
653,424,19/11/2025,Cancelled,Debit Card,Glendaberg,3917.26
654,3,16/11/2025,Pending,Credit Card,New Amy,2797.4
655,272,20/09/2025,Cancelled,Bank Transfer,Jenniferstad,4884.42
656,260,24/07/2025,Pending,Apple Pay,Aguilarchester,1112
657,28,19/10/2025,Pending,UPI,Nataliechester,984.72
658,433,31/01/2026,Returned,Debit Card,New Danielfurt,4843.5
659,91,03/09/2024,Completed,Credit Card,Lake Brianview,815.6
660,331,17/12/2025,Pending,Debit Card,West Frances,1833.68
661,129,04/09/2024,Returned,Credit Card,Lake Kristenborough,1684.79
662,54,20/12/2025,Pending,PayPal,West Lisaville,3707.28
663,403,04/09/2025,Completed,Credit Card,Lake Deborah,164.74
664,459,12/03/2025,Returned,Bank Transfer,New Kristen,1191.79
665,297,24/01/2026,Pending,UPI,Heatherton,1643.34
666,347,03/05/2026,Pending,Credit Card,Hughesmouth,4493.9
667,167,16/07/2025,Pending,UPI,North Juliaborough,1154.35
668,212,08/09/2025,Returned,PayPal,Greerstad,4352.03
669,38,21/12/2025,Returned,Credit Card,Port Jenny,2365.53
670,456,11/10/2024,Pending,Bank Transfer,Shaneland,2190.61
671,233,06/10/2024,Cancelled,PayPal,Lake Willie,906.74
672,235,02/03/2025,Cancelled,Apple Pay,South Joshuaview,3604.71
673,104,23/08/2024,Completed,UPI,New Meghan,1692.74
674,292,18/05/2024,Pending,Credit Card,Stevenberg,317.07
675,437,14/06/2024,Returned,PayPal,West Candice,2338.36
676,390,04/01/2026,Cancelled,Bank Transfer,Tracyshire,1731.01
677,81,15/07/2025,Pending,Bank Transfer,Charlesmouth,3951.94
678,497,26/06/2025,Pending,Credit Card,East Abigail,2772.72
679,211,14/01/2026,Returned,PayPal,South Amy,4287.73
680,303,23/03/2025,Returned,Apple Pay,West Jeffreyborough,2377.98
681,8,11/10/2025,Pending,PayPal,Markport,3655.49
682,168,30/10/2024,Pending,Bank Transfer,Barajastown,2182.56
683,485,11/08/2024,Completed,Debit Card,Seanbury,761.87
684,23,13/06/2024,Returned,UPI,Patrickville,219.49
685,394,09/03/2025,Returned,Bank Transfer,Amberport,2531
686,202,02/06/2024,Completed,Debit Card,Williehaven,2406.76
687,254,25/04/2025,Completed,UPI,Williamsborough,1217.75
688,375,17/01/2025,Pending,PayPal,North Garyside,2044.96
689,184,02/07/2025,Completed,Credit Card,Lake Cameronborough,1493.04
690,246,16/03/2026,Pending,UPI,Houstonborough,3351.8
691,236,05/07/2025,Completed,Debit Card,Lucasland,4292.45
692,238,15/12/2025,Returned,PayPal,North Stephen,3863.74
693,405,26/01/2025,Returned,UPI,North Charlesburgh,4360.33
694,325,20/01/2026,Completed,Debit Card,Angelashire,26.79
695,458,11/02/2026,Completed,Apple Pay,West Rickey,3459.94
696,219,29/04/2025,Pending,UPI,Hamiltontown,3769.38
697,42,12/03/2025,Cancelled,UPI,New Adamland,3109.87
698,478,22/12/2025,Cancelled,Credit Card,Lake Melaniestad,292.96
699,57,04/05/2026,Returned,Bank Transfer,West Kristinport,1927.12
700,21,28/08/2025,Pending,UPI,West Kathymouth,1840.54
701,287,06/03/2025,Pending,PayPal,Shorttown,3530.27
702,172,17/05/2025,Completed,UPI,New Jeffrey,1208.39
703,245,15/12/2025,Pending,UPI,Roblesside,3692.15
704,390,29/12/2024,Cancelled,Apple Pay,West Erica,1142.68
705,258,24/04/2026,Cancelled,Credit Card,Susantown,3407.53
706,33,17/07/2025,Returned,Debit Card,North Bobby,1876.61
707,257,01/08/2025,Completed,Debit Card,Medinaland,2642.88
708,364,05/01/2025,Cancelled,Debit Card,Lake Judith,2668.88
709,318,28/11/2025,Completed,PayPal,Jasonhaven,1853.37
710,457,01/09/2024,Completed,Credit Card,East Jeffrey,4422.22
711,201,21/02/2026,Cancelled,Credit Card,Jamesburgh,4491.77
712,56,17/10/2025,Completed,UPI,Port Karenside,840.54
713,76,07/05/2025,Pending,Bank Transfer,West Emilyview,2491.72
714,488,29/07/2024,Cancelled,Debit Card,Lake Beverly,3143.84
715,497,25/01/2025,Pending,Debit Card,Davidbury,3418.37
716,178,30/07/2024,Completed,Apple Pay,Christineborough,2112.25
717,97,15/01/2025,Pending,Bank Transfer,Hayesport,333.49
718,331,03/11/2025,Cancelled,UPI,New Ashley,1692.67
719,331,31/01/2026,Returned,Bank Transfer,Susanburgh,3938.39
720,341,17/05/2024,Returned,Debit Card,Johnbury,3490.38
721,156,18/11/2025,Cancelled,PayPal,Hillstad,2844.91
722,405,26/08/2024,Returned,Apple Pay,Nataliemouth,1314.84
723,498,24/04/2025,Completed,PayPal,Kimfort,1454.97
724,181,16/07/2025,Pending,Bank Transfer,East Debbieland,1436.22
725,474,26/02/2026,Cancelled,PayPal,Micheleberg,820.73
726,499,06/04/2026,Pending,PayPal,West Jessica,893.29
727,122,12/09/2025,Cancelled,Bank Transfer,Lake Charlestown,602.25
728,65,04/03/2026,Cancelled,PayPal,Port Bonniefurt,2215.63
729,106,01/01/2026,Completed,UPI,North Andrea,2821.19
730,163,10/07/2025,Pending,Apple Pay,Valdezberg,4890.55
731,230,22/02/2025,Pending,Bank Transfer,Walkershire,2708.54
732,155,04/12/2025,Completed,Debit Card,Dennishaven,625.02
733,477,14/06/2025,Pending,Debit Card,South Michaeltown,2507.1
734,476,10/10/2025,Completed,UPI,Port Tamara,1614.69
735,280,02/09/2025,Cancelled,UPI,Port Willie,4878.49
736,362,25/04/2025,Cancelled,Bank Transfer,East Ashley,1491.87
737,342,27/07/2025,Returned,Apple Pay,Lake Jessica,752.48
738,353,13/05/2026,Returned,Credit Card,Billyfort,579.33
739,72,10/11/2024,Completed,Apple Pay,West Miketon,3396.48
740,13,15/10/2025,Pending,Debit Card,New Rebecca,2020.12
741,183,18/02/2025,Completed,Bank Transfer,Harrisonmouth,480.56
742,329,29/03/2026,Pending,Apple Pay,North Tinamouth,991.85
743,101,02/08/2024,Returned,UPI,Maryview,132.29
744,344,06/08/2025,Returned,PayPal,South Desiree,4788.97
745,252,21/02/2025,Completed,UPI,New Johnbury,1602.43
746,185,19/06/2025,Returned,Apple Pay,Gomezstad,1999.84
747,198,27/05/2025,Cancelled,Apple Pay,Eatontown,1876.7
748,180,07/06/2025,Returned,Bank Transfer,South Gabriel,1554.27
749,45,12/07/2024,Returned,UPI,Jasonburgh,1094.16
750,213,13/09/2024,Cancelled,PayPal,Carolynville,4022.35
751,413,09/10/2025,Returned,UPI,South Lisa,3645.44
752,459,24/11/2025,Completed,PayPal,South Emmafort,2082.69
753,107,24/10/2024,Cancelled,Credit Card,Lake Martha,1530.09
754,478,31/05/2024,Returned,Credit Card,North David,4801.27
755,4,17/08/2025,Cancelled,Debit Card,East Crystal,2059.11
756,90,13/06/2024,Pending,PayPal,North Gabriel,2787.95
757,96,30/04/2026,Cancelled,Bank Transfer,New Susan,4164.77
758,252,22/08/2025,Cancelled,Bank Transfer,Lake Jessicaport,230.32
759,156,19/07/2024,Returned,PayPal,South Catherine,2480.62
760,14,15/05/2025,Pending,Apple Pay,Jacksonchester,3960.27
761,154,23/08/2025,Returned,Credit Card,Port Brandi,4781.01
762,335,31/12/2025,Cancelled,Debit Card,New Donna,3336.25
763,92,05/12/2024,Pending,Credit Card,Lake Gina,2469.59
764,62,30/04/2026,Returned,Credit Card,Carlsonland,3828.3
765,307,08/11/2024,Returned,Bank Transfer,Cruzville,3732.92
766,224,26/05/2024,Returned,UPI,New Michele,4344.36
767,419,09/06/2025,Completed,Apple Pay,Serranoville,615.53
768,84,28/09/2024,Pending,Apple Pay,Valenzuelaton,2916.64
769,237,26/03/2026,Pending,Apple Pay,North Timothyberg,4394.02
770,84,14/04/2026,Cancelled,Debit Card,Port Erikachester,283.38
771,326,23/06/2025,Cancelled,Credit Card,Woodton,4562.28
772,149,06/11/2025,Completed,Bank Transfer,Perezfort,1472.49
773,100,17/01/2026,Pending,Credit Card,Bellshire,3836.88
774,307,28/07/2024,Cancelled,Apple Pay,Andersonfort,3768.09
775,424,29/12/2025,Cancelled,Apple Pay,Port Christopher,4228.07
776,351,21/08/2025,Cancelled,Credit Card,Scotttown,3495.88
777,274,15/11/2025,Pending,Credit Card,New Alexandrahaven,2908.63
778,71,19/05/2024,Cancelled,Debit Card,Penamouth,2600.49
779,211,27/03/2025,Pending,Credit Card,Danielchester,1714.76
780,112,02/10/2025,Pending,PayPal,Joseside,789.68
781,408,07/04/2025,Completed,Debit Card,Cherylfurt,4487.34
782,236,21/12/2025,Completed,PayPal,South Andrea,4581.84
783,473,21/07/2025,Cancelled,Apple Pay,Whiteside,106.55
784,354,19/07/2025,Returned,Bank Transfer,Kingport,1825.59
785,268,05/08/2025,Cancelled,PayPal,Kimfurt,3822.68
786,364,06/12/2025,Completed,PayPal,Port Michelle,1537.33
787,66,14/08/2024,Pending,UPI,South Krista,4286.94
788,117,16/09/2024,Pending,PayPal,East Williammouth,1550.99
789,41,26/01/2026,Completed,Credit Card,East Paultown,2135.53
790,10,28/01/2026,Returned,Credit Card,Port Dustinchester,3877.97
791,101,21/07/2024,Completed,Debit Card,West Jeffreyland,556.93
792,61,30/08/2025,Completed,Credit Card,Lake Patrickfurt,4544.48
793,155,02/09/2025,Completed,Credit Card,Jenniferton,3344.58
794,472,04/01/2026,Pending,PayPal,Lake Troy,3016.92
795,344,22/05/2024,Completed,PayPal,Port Diane,1770.64
796,434,28/01/2026,Cancelled,Bank Transfer,Jameshaven,3736.07
797,179,18/06/2025,Pending,Bank Transfer,New Gavin,1773.97
798,292,11/06/2024,Completed,Bank Transfer,Johntown,360.32
799,112,13/09/2024,Cancelled,PayPal,West Kimberlystad,3584.74
800,462,16/10/2025,Completed,UPI,Sullivanborough,3775.01
801,51,20/06/2025,Returned,Apple Pay,Lake Janeland,4622.68
802,358,14/07/2025,Returned,UPI,Jessicaside,2955.12
803,491,24/04/2026,Cancelled,Debit Card,Michaelview,554.48
804,218,05/11/2024,Pending,Debit Card,South Sarah,1087.08
805,58,03/08/2025,Cancelled,Credit Card,West Gregoryhaven,3811.82
806,239,04/08/2024,Pending,Debit Card,New Kellyville,569.37
807,391,27/01/2026,Cancelled,Bank Transfer,Nancyshire,1819.03
808,370,24/11/2024,Cancelled,Debit Card,Churchshire,222.23
809,60,24/05/2025,Returned,Bank Transfer,Port Matthew,1936.21
810,377,06/01/2026,Returned,PayPal,Maldonadoshire,1573.79
811,284,14/03/2026,Returned,PayPal,South Darrenland,2048.27
812,439,07/03/2025,Returned,UPI,Lake Jacqueline,366.65
813,189,25/01/2026,Returned,UPI,Robertstad,912.9
814,54,19/06/2025,Completed,Credit Card,Lake Marilynbury,1993.92
815,74,23/12/2024,Completed,UPI,South Emilymouth,1986.16
816,474,12/07/2024,Pending,Credit Card,South Lee,4464.29
817,187,30/10/2024,Cancelled,PayPal,Ianborough,4876.53
818,305,05/06/2025,Returned,Credit Card,East Jill,4223.27
819,120,22/03/2026,Returned,Apple Pay,Jamieborough,4193.78
820,392,21/02/2026,Cancelled,UPI,Port Christine,3573.2
821,483,12/09/2024,Returned,UPI,North Samanthafort,2013.17
822,309,02/09/2025,Returned,Bank Transfer,Port Mercedeston,4751.69
823,143,03/03/2026,Returned,Credit Card,Watsonmouth,753.92
824,63,31/05/2025,Returned,PayPal,Travishaven,1268.44
825,322,17/12/2024,Completed,Credit Card,Walkershire,4713.17
826,378,21/08/2024,Completed,Debit Card,New Laurenfort,283.21
827,348,13/05/2026,Pending,Debit Card,New Michaelburgh,153.21
828,310,04/05/2025,Pending,Apple Pay,Lake Aprilmouth,3402.44
829,319,31/10/2025,Completed,UPI,North Emilyfurt,3123.7
830,385,08/08/2025,Returned,Debit Card,West Michaelview,2609.35
831,104,06/10/2024,Returned,Debit Card,Joelfort,1481.94
832,259,02/09/2025,Cancelled,Bank Transfer,Michaelfort,1323.09
833,280,08/04/2025,Completed,Debit Card,South Jaclyn,108
834,451,27/02/2025,Returned,Debit Card,Melissaview,4576.4
835,162,29/04/2025,Returned,Debit Card,New David,4267.31
836,19,04/08/2025,Cancelled,UPI,Port Cory,183.64
837,85,09/12/2024,Pending,Apple Pay,New Ryan,2467.57
838,367,05/03/2025,Completed,Bank Transfer,East Lauren,1957.62
839,346,08/12/2025,Returned,Debit Card,South Linda,2462.96
840,288,28/09/2024,Completed,Debit Card,Porterhaven,4274.67
841,135,02/07/2025,Returned,Bank Transfer,Kristenport,2483.56
842,347,24/11/2024,Cancelled,Apple Pay,South Coreyburgh,1776.76
843,32,29/06/2024,Completed,PayPal,Port Jonathan,160.17
844,429,24/02/2026,Completed,UPI,South Julieview,1844.72
845,175,18/02/2025,Returned,Apple Pay,Annview,1915.26
846,183,05/02/2025,Completed,UPI,South Davidborough,2071.41
847,126,05/08/2025,Cancelled,Bank Transfer,Port Justin,1253.12
848,44,21/01/2025,Completed,Apple Pay,Hamptonmouth,4553.74
849,59,04/04/2026,Completed,Bank Transfer,South Christinamouth,1701.22
850,167,16/09/2025,Returned,Bank Transfer,Port Gary,206.14
851,264,31/01/2026,Cancelled,Credit Card,Robertshire,4509.02
852,357,24/03/2025,Completed,Apple Pay,North Fernandobury,2359.11
853,194,12/01/2025,Cancelled,Bank Transfer,Deniseview,2860.36
854,51,27/08/2025,Completed,UPI,Nelsonmouth,4045.47
855,346,10/01/2026,Returned,Bank Transfer,Juliehaven,1045.42
856,416,28/04/2025,Cancelled,PayPal,Jacksontown,3829.22
857,315,19/08/2024,Returned,PayPal,Lake Johnathan,1511.61
858,255,12/12/2025,Completed,Bank Transfer,East Garrettville,3184.51
859,110,27/07/2024,Completed,Apple Pay,South Amytown,1451.03
860,294,02/01/2026,Pending,Bank Transfer,Warrenland,2022.1
861,381,02/08/2024,Completed,Bank Transfer,Christineland,4790.55
862,173,04/10/2025,Returned,Debit Card,Parkerbury,1381.36
863,108,07/12/2025,Completed,UPI,Scottberg,1749.64
864,422,23/08/2024,Cancelled,Debit Card,North Austin,1523.2
865,340,15/02/2025,Pending,Debit Card,Michellemouth,2708.94
866,206,21/03/2026,Returned,UPI,Amyberg,1271.3
867,391,06/11/2025,Completed,UPI,New Carla,2746.86
868,361,16/09/2025,Pending,Bank Transfer,Millsside,2590.8
869,256,09/01/2025,Returned,Apple Pay,Timothybury,1080.5
870,480,29/01/2026,Returned,Bank Transfer,South Kylechester,3196.87
871,373,01/12/2024,Pending,Apple Pay,West Alex,3141.26
872,237,24/06/2025,Pending,UPI,West Justin,755.76
873,351,03/07/2025,Returned,Debit Card,Lake Sandrafort,3832.34
874,164,01/01/2025,Completed,UPI,Port Russellport,4303.73
875,105,20/08/2025,Cancelled,Apple Pay,Port Adrian,4232.92
876,331,28/02/2025,Pending,Debit Card,South Nicole,819.71
877,123,18/04/2025,Pending,Credit Card,Wrightfurt,585.52
878,126,16/02/2026,Cancelled,Debit Card,Walkerland,3989.28
879,249,06/04/2025,Returned,Debit Card,New Kathy,2807.93
880,332,20/04/2026,Pending,PayPal,Justinside,4530.17
881,140,01/02/2026,Cancelled,Apple Pay,Robertland,699.42
882,338,02/10/2024,Completed,UPI,West Daniel,2762.52
883,249,02/05/2025,Completed,Credit Card,Nelsonfort,3915.52
884,161,06/10/2024,Completed,Debit Card,Andrewton,3015.97
885,460,03/07/2025,Completed,Debit Card,East Teresaport,1829.9
886,483,09/12/2024,Pending,PayPal,Lake Samuel,4202.26
887,58,20/05/2024,Completed,Bank Transfer,North Edward,2863.45
888,341,01/06/2025,Cancelled,Debit Card,West Robert,4148.33
889,453,14/01/2026,Completed,Apple Pay,Boltonmouth,469.44
890,169,06/11/2025,Returned,UPI,West Christopherberg,4165.02
891,381,26/06/2024,Returned,PayPal,Kimberlyland,1194.97
892,74,09/07/2025,Pending,Apple Pay,Whiteview,551.93
893,226,07/02/2026,Completed,Debit Card,Claytonville,2053.71
894,274,31/12/2025,Completed,Apple Pay,South Kelsey,1886.03
895,280,23/04/2025,Pending,Apple Pay,Lake Virginia,2130.43
896,451,15/10/2024,Pending,Apple Pay,Mossville,3925.68
897,244,22/06/2025,Cancelled,Credit Card,South Paul,3584.04
898,331,11/01/2025,Completed,UPI,Ericton,4834.69
899,340,13/12/2025,Completed,UPI,West Timothyport,3998.73
900,470,15/10/2024,Pending,Apple Pay,Paigeborough,3948.24
901,283,09/08/2024,Cancelled,UPI,Lake Ryan,1935.76
902,63,25/05/2024,Pending,Debit Card,Port Joshua,2683.86
903,199,14/08/2024,Returned,Apple Pay,Mccormicktown,59.17
904,155,15/06/2024,Pending,Apple Pay,Barkerberg,469.45
905,108,26/02/2025,Pending,Debit Card,East Ericland,4299.9
906,324,28/10/2025,Returned,Credit Card,Sarahton,1599.58
907,141,29/06/2024,Returned,Debit Card,Deannaside,4334.89
908,378,18/01/2026,Cancelled,UPI,East Tonymouth,2076.55
909,217,21/07/2025,Completed,PayPal,Lindamouth,4386.27
910,358,04/12/2025,Completed,Apple Pay,North Hannah,1319.63
911,216,16/02/2025,Cancelled,Debit Card,West Rachel,3018.54
912,356,25/05/2025,Completed,UPI,Hansenside,156.21
913,329,06/11/2025,Returned,UPI,Lopezburgh,935.02
914,70,10/07/2025,Pending,UPI,Mariomouth,35.32
915,157,13/12/2024,Completed,Credit Card,North Amanda,1582.33
916,81,28/04/2025,Pending,Bank Transfer,Loriside,1263.03
917,352,23/02/2025,Cancelled,Debit Card,Smithhaven,2063.37
918,245,04/03/2025,Pending,Apple Pay,North Christine,4370.06
919,89,20/02/2025,Cancelled,Apple Pay,West Jennifer,3443.59
920,102,07/10/2025,Cancelled,PayPal,Leefort,440.31
921,202,29/12/2025,Pending,Credit Card,New Justin,4384.42
922,486,28/03/2025,Pending,Credit Card,Danielhaven,134.39
923,499,07/10/2025,Cancelled,UPI,North Maryberg,2322.88
924,437,29/09/2024,Returned,Bank Transfer,East Danielborough,860.4
925,220,29/07/2024,Pending,Credit Card,New Darlenefurt,3009.96
926,491,07/10/2025,Completed,Credit Card,Foxshire,1852.24
927,368,28/11/2024,Returned,UPI,West Jeffreyland,2638.67
928,254,24/05/2024,Pending,PayPal,Lake Travis,610.19
929,485,05/04/2026,Cancelled,Apple Pay,South Laurieton,4312.44
930,383,18/02/2025,Pending,Debit Card,Shortton,2480.96
931,439,12/02/2026,Pending,Apple Pay,Allisonland,1048.9
932,373,21/02/2026,Returned,PayPal,Christianborough,3392.4
933,210,21/06/2025,Completed,Apple Pay,North Jessicaside,3966.47
934,500,09/03/2025,Returned,PayPal,East Alicia,1323.76
935,190,23/11/2024,Returned,Credit Card,New Kara,2922.86
936,6,01/04/2025,Cancelled,UPI,Port Daniellestad,2355.03
937,204,19/10/2025,Returned,UPI,Parkchester,3440.53
938,217,30/03/2026,Cancelled,Credit Card,East Lauraside,3685.8
939,49,21/03/2025,Completed,Apple Pay,Dianeside,2793.86
940,477,22/08/2025,Cancelled,Bank Transfer,Mahoneymouth,1189.51
941,481,15/07/2025,Completed,Credit Card,Meganchester,3360.54
942,130,28/12/2025,Returned,Apple Pay,Mckenziemouth,2532.62
943,203,29/08/2025,Pending,Bank Transfer,New Amy,3362.88
944,22,01/03/2025,Cancelled,PayPal,Michaelmouth,2910.82
945,258,26/04/2025,Cancelled,Debit Card,Smithton,2474.34
946,68,20/12/2024,Returned,PayPal,New Derekport,466.45
947,134,19/05/2024,Completed,PayPal,Traceyborough,601.87
948,256,09/03/2026,Cancelled,UPI,Andrewview,4360.96
949,185,27/04/2026,Cancelled,Apple Pay,North Benjamin,4632.66
950,314,14/02/2025,Cancelled,Bank Transfer,East Joseph,4151.35
951,161,04/04/2026,Pending,Apple Pay,East Jonathan,2190.16
952,378,02/01/2025,Pending,Bank Transfer,New Ricardoborough,4972.93
953,437,05/12/2025,Returned,Credit Card,Lake Markfort,4615.81
954,97,25/09/2024,Pending,PayPal,Petersenshire,760.13
955,19,09/02/2026,Pending,UPI,New Dawnton,2361.83
956,240,02/12/2025,Returned,Credit Card,Millerton,2193.42
957,227,30/04/2026,Returned,Debit Card,Michaelchester,1795.47
958,253,02/04/2025,Pending,Credit Card,Port Kayleetown,580.2
959,179,18/09/2025,Cancelled,PayPal,Brownhaven,486.02
960,428,14/06/2024,Cancelled,Bank Transfer,Amberberg,858.11
961,457,22/01/2025,Pending,Bank Transfer,East Brent,3322.43
962,498,03/12/2025,Pending,Debit Card,Maddoxshire,40.55
963,472,10/06/2025,Returned,UPI,East Ryanfurt,402.64
964,49,05/09/2024,Completed,Apple Pay,West Christopher,4439.09
965,349,31/07/2025,Completed,Debit Card,New Raymondland,4907.05
966,192,19/03/2025,Completed,Apple Pay,Ayalaberg,2959.89
967,79,26/12/2025,Returned,UPI,South Anita,163.8
968,338,27/05/2025,Cancelled,Bank Transfer,Pearsonborough,2409.68
969,337,23/07/2025,Completed,UPI,East Charles,48.91
970,319,07/01/2026,Cancelled,UPI,Morrisshire,4755.46
971,376,22/07/2024,Pending,PayPal,Lake Robertstad,4536.25
972,442,08/02/2025,Cancelled,Apple Pay,West Melvin,262.44
973,409,05/10/2025,Completed,Bank Transfer,Port Kevinstad,296.56
974,488,04/09/2025,Completed,Debit Card,Hansonmouth,3019.41
975,131,17/06/2024,Returned,Credit Card,East Gina,906.49
976,11,12/09/2024,Pending,Debit Card,North Jodibury,4264.68
977,400,08/09/2025,Pending,Credit Card,Port Marissa,2023.93
978,153,23/12/2024,Returned,UPI,West Heatherville,2464.41
979,413,05/01/2025,Pending,Apple Pay,Ruizmouth,4610.07
980,341,23/10/2024,Cancelled,Bank Transfer,East Amy,498.64
981,103,17/12/2025,Returned,Debit Card,Anaberg,2458.32
982,138,04/11/2025,Returned,Credit Card,South Brandyhaven,2824.02
983,388,16/06/2024,Cancelled,Bank Transfer,Georgeport,2124.23
984,96,16/10/2024,Returned,Credit Card,Briantown,2181.85
985,21,04/07/2024,Returned,UPI,Guerrerostad,2576.44
986,115,16/03/2026,Pending,Debit Card,North Kellyfurt,3245.1
987,270,09/11/2024,Completed,Apple Pay,Romeroville,3155.21
988,240,16/04/2026,Returned,Apple Pay,Toddside,2198.03
989,77,21/07/2024,Cancelled,PayPal,East Vincent,4921.25
990,268,04/05/2025,Completed,Bank Transfer,North Johnhaven,2150.1
991,40,05/01/2025,Completed,Bank Transfer,Tracyburgh,4588.16
992,218,28/05/2024,Returned,UPI,Gabriellestad,2076.84
993,369,11/09/2025,Cancelled,Apple Pay,Joelhaven,2851.02
994,131,14/12/2024,Completed,Credit Card,Lake Jonathanfurt,2936.13
995,380,05/04/2026,Pending,PayPal,New Stacybury,3314.66
996,432,08/09/2024,Completed,Debit Card,Pennyberg,1976.93
997,449,21/07/2024,Cancelled,Bank Transfer,Meyerbury,3527.81
998,371,03/04/2025,Returned,Bank Transfer,New Eric,2285.89
999,414,11/01/2025,Pending,PayPal,Shaneberg,1340.07
1000,95,21/10/2024,Cancelled,UPI,New Amber,409.54
